type,frame,crop_path,class,conf,x1,y1,x2,y2
fn,0,/Users/leoshaw/Documents/VSCode/VS_CMU_S26/MechatronicDesign/Computer Vision/error_mining_run1/review/fn_crops/fn_frame000000_0000.jpg,unknown,,0,0,1079,681
fn,20,/Users/leoshaw/Documents/VSCode/VS_CMU_S26/MechatronicDesign/Computer Vision/error_mining_run1/review/fn_crops/fn_frame000020_0001.jpg,unknown,,331,513,379,608
fn,24,/Users/leoshaw/Documents/VSCode/VS_CMU_S26/MechatronicDesign/Computer Vision/error_mining_run1/review/fn_crops/fn_frame000024_0002.jpg,unknown,,343,495,411,621
fn,28,/Users/leoshaw/Documents/VSCode/VS_CMU_S26/MechatronicDesign/Computer Vision/error_mining_run1/review/fn_crops/fn_frame000028_0003.jpg,unknown,,152,389,205,464
fn,32,/Users/leoshaw/Documents/VSCode/VS_CMU_S26/MechatronicDesign/Computer Vision/error_mining_run1/review/fn_crops/fn_frame000032_0004.jpg,unknown,,210,415,257,474
fn,124,/Users/leoshaw/Documents/VSCode/VS_CMU_S26/MechatronicDesign/Computer Vision/error_mining_run1/review/fn_crops/fn_frame000124_0005.jpg,unknown,,0,0,194,14
fn,128,/Users/leoshaw/Documents/VSCode/VS_CMU_S26/MechatronicDesign/Computer Vision/error_mining_run1/review/fn_crops/fn_frame000128_0006.jpg,unknown,,0,0,207,15
fn,132,/Users/leoshaw/Documents/VSCode/VS_CMU_S26/MechatronicDesign/Computer Vision/error_mining_run1/review/fn_crops/fn_frame000132_0007.jpg,unknown,,0,0,187,15
fn,136,/Users/leoshaw/Documents/VSCode/VS_CMU_S26/MechatronicDesign/Computer Vision/error_mining_run1/review/fn_crops/fn_frame000136_0008.jpg,unknown,,0,0,175,15
fn,184,/Users/leoshaw/Documents/VSCode/VS_CMU_S26/MechatronicDesign/Computer Vision/error_mining_run1/review/fn_crops/fn_frame000184_0009.jpg,unknown,,0,383,65,539
fn,188,/Users/leoshaw/Documents/VSCode/VS_CMU_S26/MechatronicDesign/Computer Vision/error_mining_run1/review/fn_crops/fn_frame000188_0010.jpg,unknown,,0,148,114,543
fp,204,/Users/leoshaw/Documents/VSCode/VS_CMU_S26/MechatronicDesign/Computer Vision/error_mining_run1/review/fp_crops/fp_frame000204_0000.jpg,bottle,0.2322,60,35,324,530
fp,208,/Users/leoshaw/Documents/VSCode/VS_CMU_S26/MechatronicDesign/Computer Vision/error_mining_run1/review/fp_crops/fp_frame000208_0001.jpg,bottle,0.3236,118,28,378,528
fp,212,/Users/leoshaw/Documents/VSCode/VS_CMU_S26/MechatronicDesign/Computer Vision/error_mining_run1/review/fp_crops/fp_frame000212_0002.jpg,bottle,0.4743,177,50,429,533
fp,212,/Users/leoshaw/Documents/VSCode/VS_CMU_S26/MechatronicDesign/Computer Vision/error_mining_run1/review/fp_crops/fp_frame000212_0003.jpg,bottle,0.4500,190,237,426,539
fp,212,/Users/leoshaw/Documents/VSCode/VS_CMU_S26/MechatronicDesign/Computer Vision/error_mining_run1/review/fp_crops/fp_frame000212_0004.jpg,bottle,0.1571,122,28,372,516
fp,216,/Users/leoshaw/Documents/VSCode/VS_CMU_S26/MechatronicDesign/Computer Vision/error_mining_run1/review/fp_crops/fp_frame000216_0005.jpg,bottle,0.2858,204,28,473,533
fp,220,/Users/leoshaw/Documents/VSCode/VS_CMU_S26/MechatronicDesign/Computer Vision/error_mining_run1/review/fp_crops/fp_frame000220_0006.jpg,bottle,0.3378,241,28,525,531
fp,224,/Users/leoshaw/Documents/VSCode/VS_CMU_S26/MechatronicDesign/Computer Vision/error_mining_run1/review/fp_crops/fp_frame000224_0007.jpg,bottle,0.4369,293,34,568,539
fp,228,/Users/leoshaw/Documents/VSCode/VS_CMU_S26/MechatronicDesign/Computer Vision/error_mining_run1/review/fp_crops/fp_frame000228_0008.jpg,bottle,0.1503,337,27,609,536
fp,236,/Users/leoshaw/Documents/VSCode/VS_CMU_S26/MechatronicDesign/Computer Vision/error_mining_run1/review/fp_crops/fp_frame000236_0009.jpg,bottle,0.3635,491,142,721,532
fp,240,/Users/leoshaw/Documents/VSCode/VS_CMU_S26/MechatronicDesign/Computer Vision/error_mining_run1/review/fp_crops/fp_frame000240_0010.jpg,bottle,0.4002,542,104,781,529
fp,240,/Users/leoshaw/Documents/VSCode/VS_CMU_S26/MechatronicDesign/Computer Vision/error_mining_run1/review/fp_crops/fp_frame000240_0011.jpg,can,0.3529,497,34,697,257
fp,244,/Users/leoshaw/Documents/VSCode/VS_CMU_S26/MechatronicDesign/Computer Vision/error_mining_run1/review/fp_crops/fp_frame000244_0012.jpg,bottle,0.4964,600,100,841,528
fp,248,/Users/leoshaw/Documents/VSCode/VS_CMU_S26/MechatronicDesign/Computer Vision/error_mining_run1/review/fp_crops/fp_frame000248_0013.jpg,bottle,0.4408,648,65,889,530
fp,248,/Users/leoshaw/Documents/VSCode/VS_CMU_S26/MechatronicDesign/Computer Vision/error_mining_run1/review/fp_crops/fp_frame000248_0014.jpg,bottle,0.3277,615,29,811,255
fp,248,/Users/leoshaw/Documents/VSCode/VS_CMU_S26/MechatronicDesign/Computer Vision/error_mining_run1/review/fp_crops/fp_frame000248_0015.jpg,can,0.2772,613,28,812,255
fp,252,/Users/leoshaw/Documents/VSCode/VS_CMU_S26/MechatronicDesign/Computer Vision/error_mining_run1/review/fp_crops/fp_frame000252_0016.jpg,bottle,0.4294,698,194,948,518
fp,252,/Users/leoshaw/Documents/VSCode/VS_CMU_S26/MechatronicDesign/Computer Vision/error_mining_run1/review/fp_crops/fp_frame000252_0017.jpg,can,0.2007,666,26,866,251
fp,252,/Users/leoshaw/Documents/VSCode/VS_CMU_S26/MechatronicDesign/Computer Vision/error_mining_run1/review/fp_crops/fp_frame000252_0018.jpg,bottle,0.1818,668,28,864,251
fp,252,/Users/leoshaw/Documents/VSCode/VS_CMU_S26/MechatronicDesign/Computer Vision/error_mining_run1/review/fp_crops/fp_frame000252_0019.jpg,bottle,0.1805,677,22,946,523
fp,256,/Users/leoshaw/Documents/VSCode/VS_CMU_S26/MechatronicDesign/Computer Vision/error_mining_run1/review/fp_crops/fp_frame000256_0020.jpg,bottle,0.2589,722,27,920,249
fp,256,/Users/leoshaw/Documents/VSCode/VS_CMU_S26/MechatronicDesign/Computer Vision/error_mining_run1/review/fp_crops/fp_frame000256_0021.jpg,bottle,0.1641,721,20,984,516
fp,260,/Users/leoshaw/Documents/VSCode/VS_CMU_S26/MechatronicDesign/Computer Vision/error_mining_run1/review/fp_crops/fp_frame000260_0022.jpg,bottle,0.4794,805,197,1048,519
fp,260,/Users/leoshaw/Documents/VSCode/VS_CMU_S26/MechatronicDesign/Computer Vision/error_mining_run1/review/fp_crops/fp_frame000260_0023.jpg,can,0.3472,777,24,977,253
fp,260,/Users/leoshaw/Documents/VSCode/VS_CMU_S26/MechatronicDesign/Computer Vision/error_mining_run1/review/fp_crops/fp_frame000260_0024.jpg,bottle,0.2935,778,28,977,253
fp,260,/Users/leoshaw/Documents/VSCode/VS_CMU_S26/MechatronicDesign/Computer Vision/error_mining_run1/review/fp_crops/fp_frame000260_0025.jpg,bottle,0.1578,795,22,1039,523
fp,264,/Users/leoshaw/Documents/VSCode/VS_CMU_S26/MechatronicDesign/Computer Vision/error_mining_run1/review/fp_crops/fp_frame000264_0026.jpg,bottle,0.3618,824,28,1024,249
fp,264,/Users/leoshaw/Documents/VSCode/VS_CMU_S26/MechatronicDesign/Computer Vision/error_mining_run1/review/fp_crops/fp_frame000264_0027.jpg,bottle,0.2823,864,202,1079,490
fp,264,/Users/leoshaw/Documents/VSCode/VS_CMU_S26/MechatronicDesign/Computer Vision/error_mining_run1/review/fp_crops/fp_frame000264_0028.jpg,bottle,0.2431,846,21,1079,492
fn,264,/Users/leoshaw/Documents/VSCode/VS_CMU_S26/MechatronicDesign/Computer Vision/error_mining_run1/review/fn_crops/fn_frame000264_0011.jpg,unknown,,0,195,23,423
fp,268,/Users/leoshaw/Documents/VSCode/VS_CMU_S26/MechatronicDesign/Computer Vision/error_mining_run1/review/fp_crops/fp_frame000268_0029.jpg,bottle,0.3098,925,213,1079,516
fp,268,/Users/leoshaw/Documents/VSCode/VS_CMU_S26/MechatronicDesign/Computer Vision/error_mining_run1/review/fp_crops/fp_frame000268_0030.jpg,bottle,0.2105,904,25,1079,491
fn,268,/Users/leoshaw/Documents/VSCode/VS_CMU_S26/MechatronicDesign/Computer Vision/error_mining_run1/review/fn_crops/fn_frame000268_0012.jpg,unknown,,0,511,46,580
fp,272,/Users/leoshaw/Documents/VSCode/VS_CMU_S26/MechatronicDesign/Computer Vision/error_mining_run1/review/fp_crops/fp_frame000272_0031.jpg,bottle,0.3115,930,26,1079,255
fp,272,/Users/leoshaw/Documents/VSCode/VS_CMU_S26/MechatronicDesign/Computer Vision/error_mining_run1/review/fp_crops/fp_frame000272_0032.jpg,can,0.2640,931,30,1079,261
fn,272,/Users/leoshaw/Documents/VSCode/VS_CMU_S26/MechatronicDesign/Computer Vision/error_mining_run1/review/fn_crops/fn_frame000272_0013.jpg,unknown,,0,501,67,579
fp,276,/Users/leoshaw/Documents/VSCode/VS_CMU_S26/MechatronicDesign/Computer Vision/error_mining_run1/review/fp_crops/fp_frame000276_0033.jpg,can,0.2547,0,168,141,377
fn,276,/Users/leoshaw/Documents/VSCode/VS_CMU_S26/MechatronicDesign/Computer Vision/error_mining_run1/review/fn_crops/fn_frame000276_0014.jpg,unknown,,0,501,104,578
fn,276,/Users/leoshaw/Documents/VSCode/VS_CMU_S26/MechatronicDesign/Computer Vision/error_mining_run1/review/fn_crops/fn_frame000276_0015.jpg,unknown,,32,73,132,122
fp,280,/Users/leoshaw/Documents/VSCode/VS_CMU_S26/MechatronicDesign/Computer Vision/error_mining_run1/review/fp_crops/fp_frame000280_0034.jpg,can,0.4213,65,163,205,377
fp,280,/Users/leoshaw/Documents/VSCode/VS_CMU_S26/MechatronicDesign/Computer Vision/error_mining_run1/review/fp_crops/fp_frame000280_0035.jpg,can,0.3142,137,167,202,376
fp,280,/Users/leoshaw/Documents/VSCode/VS_CMU_S26/MechatronicDesign/Computer Vision/error_mining_run1/review/fp_crops/fp_frame000280_0036.jpg,bottle,0.2497,1038,64,1079,247
fp,280,/Users/leoshaw/Documents/VSCode/VS_CMU_S26/MechatronicDesign/Computer Vision/error_mining_run1/review/fp_crops/fp_frame000280_0037.jpg,can,0.1614,34,381,203,525
fn,280,/Users/leoshaw/Documents/VSCode/VS_CMU_S26/MechatronicDesign/Computer Vision/error_mining_run1/review/fn_crops/fn_frame000280_0016.jpg,unknown,,72,514,166,578
fn,280,/Users/leoshaw/Documents/VSCode/VS_CMU_S26/MechatronicDesign/Computer Vision/error_mining_run1/review/fn_crops/fn_frame000280_0017.jpg,unknown,,92,77,188,132
fn,284,/Users/leoshaw/Documents/VSCode/VS_CMU_S26/MechatronicDesign/Computer Vision/error_mining_run1/review/fn_crops/fn_frame000284_0018.jpg,unknown,,142,507,223,580
fn,284,/Users/leoshaw/Documents/VSCode/VS_CMU_S26/MechatronicDesign/Computer Vision/error_mining_run1/review/fn_crops/fn_frame000284_0019.jpg,unknown,,146,82,265,145
fn,288,/Users/leoshaw/Documents/VSCode/VS_CMU_S26/MechatronicDesign/Computer Vision/error_mining_run1/review/fn_crops/fn_frame000288_0020.jpg,unknown,,200,507,279,580
fn,288,/Users/leoshaw/Documents/VSCode/VS_CMU_S26/MechatronicDesign/Computer Vision/error_mining_run1/review/fn_crops/fn_frame000288_0021.jpg,unknown,,205,71,326,136
fn,292,/Users/leoshaw/Documents/VSCode/VS_CMU_S26/MechatronicDesign/Computer Vision/error_mining_run1/review/fn_crops/fn_frame000292_0022.jpg,unknown,,242,504,325,579
fp,296,/Users/leoshaw/Documents/VSCode/VS_CMU_S26/MechatronicDesign/Computer Vision/error_mining_run1/review/fp_crops/fp_frame000296_0038.jpg,can,0.3214,270,162,413,383
fp,296,/Users/leoshaw/Documents/VSCode/VS_CMU_S26/MechatronicDesign/Computer Vision/error_mining_run1/review/fp_crops/fp_frame000296_0039.jpg,can,0.1534,267,69,413,566
fn,296,/Users/leoshaw/Documents/VSCode/VS_CMU_S26/MechatronicDesign/Computer Vision/error_mining_run1/review/fn_crops/fn_frame000296_0023.jpg,unknown,,281,501,360,577
fp,300,/Users/leoshaw/Documents/VSCode/VS_CMU_S26/MechatronicDesign/Computer Vision/error_mining_run1/review/fp_crops/fp_frame000300_0040.jpg,can,0.4307,322,159,461,408
fp,300,/Users/leoshaw/Documents/VSCode/VS_CMU_S26/MechatronicDesign/Computer Vision/error_mining_run1/review/fp_crops/fp_frame000300_0041.jpg,can,0.2669,299,396,450,576
fn,300,/Users/leoshaw/Documents/VSCode/VS_CMU_S26/MechatronicDesign/Computer Vision/error_mining_run1/review/fn_crops/fn_frame000300_0024.jpg,unknown,,330,507,405,577
fp,304,/Users/leoshaw/Documents/VSCode/VS_CMU_S26/MechatronicDesign/Computer Vision/error_mining_run1/review/fp_crops/fp_frame000304_0042.jpg,can,0.4188,372,162,508,420
fn,304,/Users/leoshaw/Documents/VSCode/VS_CMU_S26/MechatronicDesign/Computer Vision/error_mining_run1/review/fn_crops/fn_frame000304_0025.jpg,unknown,,380,500,456,577
fn,304,/Users/leoshaw/Documents/VSCode/VS_CMU_S26/MechatronicDesign/Computer Vision/error_mining_run1/review/fn_crops/fn_frame000304_0026.jpg,unknown,,377,69,504,153
fn,308,/Users/leoshaw/Documents/VSCode/VS_CMU_S26/MechatronicDesign/Computer Vision/error_mining_run1/review/fn_crops/fn_frame000308_0027.jpg,unknown,,428,500,505,577
fn,308,/Users/leoshaw/Documents/VSCode/VS_CMU_S26/MechatronicDesign/Computer Vision/error_mining_run1/review/fn_crops/fn_frame000308_0028.jpg,unknown,,412,149,563,468
fn,308,/Users/leoshaw/Documents/VSCode/VS_CMU_S26/MechatronicDesign/Computer Vision/error_mining_run1/review/fn_crops/fn_frame000308_0029.jpg,unknown,,466,74,542,125
fn,308,/Users/leoshaw/Documents/VSCode/VS_CMU_S26/MechatronicDesign/Computer Vision/error_mining_run1/review/fn_crops/fn_frame000308_0030.jpg,unknown,,430,69,470,152
fp,312,/Users/leoshaw/Documents/VSCode/VS_CMU_S26/MechatronicDesign/Computer Vision/error_mining_run1/review/fp_crops/fp_frame000312_0043.jpg,can,0.2598,469,163,611,422
fn,312,/Users/leoshaw/Documents/VSCode/VS_CMU_S26/MechatronicDesign/Computer Vision/error_mining_run1/review/fn_crops/fn_frame000312_0031.jpg,unknown,,480,501,558,576
fp,316,/Users/leoshaw/Documents/VSCode/VS_CMU_S26/MechatronicDesign/Computer Vision/error_mining_run1/review/fp_crops/fp_frame000316_0044.jpg,can,0.1606,521,162,664,421
fn,316,/Users/leoshaw/Documents/VSCode/VS_CMU_S26/MechatronicDesign/Computer Vision/error_mining_run1/review/fn_crops/fn_frame000316_0032.jpg,unknown,,531,507,600,576
fn,320,/Users/leoshaw/Documents/VSCode/VS_CMU_S26/MechatronicDesign/Computer Vision/error_mining_run1/review/fn_crops/fn_frame000320_0033.jpg,unknown,,584,507,654,576
fn,320,/Users/leoshaw/Documents/VSCode/VS_CMU_S26/MechatronicDesign/Computer Vision/error_mining_run1/review/fn_crops/fn_frame000320_0034.jpg,unknown,,572,159,722,482
fp,324,/Users/leoshaw/Documents/VSCode/VS_CMU_S26/MechatronicDesign/Computer Vision/error_mining_run1/review/fp_crops/fp_frame000324_0045.jpg,can,0.1963,625,161,772,430
fn,324,/Users/leoshaw/Documents/VSCode/VS_CMU_S26/MechatronicDesign/Computer Vision/error_mining_run1/review/fn_crops/fn_frame000324_0035.jpg,unknown,,633,506,708,575
fp,328,/Users/leoshaw/Documents/VSCode/VS_CMU_S26/MechatronicDesign/Computer Vision/error_mining_run1/review/fp_crops/fp_frame000328_0046.jpg,can,0.3359,675,161,824,426
fn,328,/Users/leoshaw/Documents/VSCode/VS_CMU_S26/MechatronicDesign/Computer Vision/error_mining_run1/review/fn_crops/fn_frame000328_0036.jpg,unknown,,682,507,759,575
fn,328,/Users/leoshaw/Documents/VSCode/VS_CMU_S26/MechatronicDesign/Computer Vision/error_mining_run1/review/fn_crops/fn_frame000328_0037.jpg,unknown,,0,196,27,433
fp,332,/Users/leoshaw/Documents/VSCode/VS_CMU_S26/MechatronicDesign/Computer Vision/error_mining_run1/review/fp_crops/fp_frame000332_0047.jpg,can,0.4295,726,160,876,423
fn,332,/Users/leoshaw/Documents/VSCode/VS_CMU_S26/MechatronicDesign/Computer Vision/error_mining_run1/review/fn_crops/fn_frame000332_0038.jpg,unknown,,731,499,822,574
fn,332,/Users/leoshaw/Documents/VSCode/VS_CMU_S26/MechatronicDesign/Computer Vision/error_mining_run1/review/fn_crops/fn_frame000332_0039.jpg,unknown,,762,79,867,123
fp,336,/Users/leoshaw/Documents/VSCode/VS_CMU_S26/MechatronicDesign/Computer Vision/error_mining_run1/review/fp_crops/fp_frame000336_0048.jpg,can,0.4186,0,160,137,453
fp,348,/Users/leoshaw/Documents/VSCode/VS_CMU_S26/MechatronicDesign/Computer Vision/error_mining_run1/review/fp_crops/fp_frame000348_0049.jpg,can,0.4023,938,156,1079,407
fp,348,/Users/leoshaw/Documents/VSCode/VS_CMU_S26/MechatronicDesign/Computer Vision/error_mining_run1/review/fp_crops/fp_frame000348_0050.jpg,can,0.3927,1036,266,1079,370
fp,352,/Users/leoshaw/Documents/VSCode/VS_CMU_S26/MechatronicDesign/Computer Vision/error_mining_run1/review/fp_crops/fp_frame000352_0051.jpg,can,0.3966,993,98,1079,420
fn,352,/Users/leoshaw/Documents/VSCode/VS_CMU_S26/MechatronicDesign/Computer Vision/error_mining_run1/review/fn_crops/fn_frame000352_0040.jpg,unknown,,1001,446,1079,573
fn,356,/Users/leoshaw/Documents/VSCode/VS_CMU_S26/MechatronicDesign/Computer Vision/error_mining_run1/review/fn_crops/fn_frame000356_0041.jpg,unknown,,1035,165,1079,436
fp,376,/Users/leoshaw/Documents/VSCode/VS_CMU_S26/MechatronicDesign/Computer Vision/error_mining_run1/review/fp_crops/fp_frame000376_0052.jpg,can,0.3168,578,172,741,460
fp,380,/Users/leoshaw/Documents/VSCode/VS_CMU_S26/MechatronicDesign/Computer Vision/error_mining_run1/review/fp_crops/fp_frame000380_0053.jpg,can,0.3948,647,175,813,463
fp,380,/Users/leoshaw/Documents/VSCode/VS_CMU_S26/MechatronicDesign/Computer Vision/error_mining_run1/review/fp_crops/fp_frame000380_0054.jpg,bottle,0.2822,648,173,811,461
fp,392,/Users/leoshaw/Documents/VSCode/VS_CMU_S26/MechatronicDesign/Computer Vision/error_mining_run1/review/fp_crops/fp_frame000392_0055.jpg,bottle,0.3918,847,176,1016,467
fp,392,/Users/leoshaw/Documents/VSCode/VS_CMU_S26/MechatronicDesign/Computer Vision/error_mining_run1/review/fp_crops/fp_frame000392_0056.jpg,can,0.2552,851,177,1020,469
fp,396,/Users/leoshaw/Documents/VSCode/VS_CMU_S26/MechatronicDesign/Computer Vision/error_mining_run1/review/fp_crops/fp_frame000396_0057.jpg,bottle,0.4295,908,180,1077,471
fp,396,/Users/leoshaw/Documents/VSCode/VS_CMU_S26/MechatronicDesign/Computer Vision/error_mining_run1/review/fp_crops/fp_frame000396_0058.jpg,can,0.3350,911,181,1079,470
fp,404,/Users/leoshaw/Documents/VSCode/VS_CMU_S26/MechatronicDesign/Computer Vision/error_mining_run1/review/fp_crops/fp_frame000404_0059.jpg,can,0.2079,1046,193,1079,464
fn,456,/Users/leoshaw/Documents/VSCode/VS_CMU_S26/MechatronicDesign/Computer Vision/error_mining_run1/review/fn_crops/fn_frame000456_0042.jpg,unknown,,0,502,94,556
fn,480,/Users/leoshaw/Documents/VSCode/VS_CMU_S26/MechatronicDesign/Computer Vision/error_mining_run1/review/fn_crops/fn_frame000480_0043.jpg,unknown,,0,508,46,591
fn,484,/Users/leoshaw/Documents/VSCode/VS_CMU_S26/MechatronicDesign/Computer Vision/error_mining_run1/review/fn_crops/fn_frame000484_0044.jpg,unknown,,0,502,96,601
fn,488,/Users/leoshaw/Documents/VSCode/VS_CMU_S26/MechatronicDesign/Computer Vision/error_mining_run1/review/fn_crops/fn_frame000488_0045.jpg,unknown,,0,507,127,601
fn,492,/Users/leoshaw/Documents/VSCode/VS_CMU_S26/MechatronicDesign/Computer Vision/error_mining_run1/review/fn_crops/fn_frame000492_0046.jpg,unknown,,0,508,123,601
fn,496,/Users/leoshaw/Documents/VSCode/VS_CMU_S26/MechatronicDesign/Computer Vision/error_mining_run1/review/fn_crops/fn_frame000496_0047.jpg,unknown,,0,507,96,600
fn,500,/Users/leoshaw/Documents/VSCode/VS_CMU_S26/MechatronicDesign/Computer Vision/error_mining_run1/review/fn_crops/fn_frame000500_0048.jpg,unknown,,0,507,116,597
fn,504,/Users/leoshaw/Documents/VSCode/VS_CMU_S26/MechatronicDesign/Computer Vision/error_mining_run1/review/fn_crops/fn_frame000504_0049.jpg,unknown,,24,510,132,590
fn,508,/Users/leoshaw/Documents/VSCode/VS_CMU_S26/MechatronicDesign/Computer Vision/error_mining_run1/review/fn_crops/fn_frame000508_0050.jpg,unknown,,25,507,125,590
fn,512,/Users/leoshaw/Documents/VSCode/VS_CMU_S26/MechatronicDesign/Computer Vision/error_mining_run1/review/fn_crops/fn_frame000512_0051.jpg,unknown,,16,505,85,562
fp,536,/Users/leoshaw/Documents/VSCode/VS_CMU_S26/MechatronicDesign/Computer Vision/error_mining_run1/review/fp_crops/fp_frame000536_0060.jpg,bottle,0.4080,0,235,84,364
fp,540,/Users/leoshaw/Documents/VSCode/VS_CMU_S26/MechatronicDesign/Computer Vision/error_mining_run1/review/fp_crops/fp_frame000540_0061.jpg,can,0.3105,2,240,156,365
fn,540,/Users/leoshaw/Documents/VSCode/VS_CMU_S26/MechatronicDesign/Computer Vision/error_mining_run1/review/fn_crops/fn_frame000540_0052.jpg,unknown,,29,458,112,495
fp,544,/Users/leoshaw/Documents/VSCode/VS_CMU_S26/MechatronicDesign/Computer Vision/error_mining_run1/review/fp_crops/fp_frame000544_0062.jpg,bottle,0.3077,62,238,220,369
fp,544,/Users/leoshaw/Documents/VSCode/VS_CMU_S26/MechatronicDesign/Computer Vision/error_mining_run1/review/fp_crops/fp_frame000544_0063.jpg,can,0.3060,63,237,220,369
fn,544,/Users/leoshaw/Documents/VSCode/VS_CMU_S26/MechatronicDesign/Computer Vision/error_mining_run1/review/fn_crops/fn_frame000544_0053.jpg,unknown,,96,460,171,497
fp,548,/Users/leoshaw/Documents/VSCode/VS_CMU_S26/MechatronicDesign/Computer Vision/error_mining_run1/review/fp_crops/fp_frame000548_0064.jpg,can,0.3207,106,238,263,369
fn,548,/Users/leoshaw/Documents/VSCode/VS_CMU_S26/MechatronicDesign/Computer Vision/error_mining_run1/review/fn_crops/fn_frame000548_0054.jpg,unknown,,140,459,215,495
fp,552,/Users/leoshaw/Documents/VSCode/VS_CMU_S26/MechatronicDesign/Computer Vision/error_mining_run1/review/fp_crops/fp_frame000552_0065.jpg,can,0.1797,132,233,294,363
fp,552,/Users/leoshaw/Documents/VSCode/VS_CMU_S26/MechatronicDesign/Computer Vision/error_mining_run1/review/fp_crops/fp_frame000552_0066.jpg,bottle,0.1687,132,233,293,366
fn,552,/Users/leoshaw/Documents/VSCode/VS_CMU_S26/MechatronicDesign/Computer Vision/error_mining_run1/review/fn_crops/fn_frame000552_0055.jpg,unknown,,169,463,237,493
fp,556,/Users/leoshaw/Documents/VSCode/VS_CMU_S26/MechatronicDesign/Computer Vision/error_mining_run1/review/fp_crops/fp_frame000556_0067.jpg,can,0.2254,156,231,319,361
fn,556,/Users/leoshaw/Documents/VSCode/VS_CMU_S26/MechatronicDesign/Computer Vision/error_mining_run1/review/fn_crops/fn_frame000556_0056.jpg,unknown,,194,460,264,491
fp,560,/Users/leoshaw/Documents/VSCode/VS_CMU_S26/MechatronicDesign/Computer Vision/error_mining_run1/review/fp_crops/fp_frame000560_0068.jpg,bottle,0.3446,179,227,341,361
fp,560,/Users/leoshaw/Documents/VSCode/VS_CMU_S26/MechatronicDesign/Computer Vision/error_mining_run1/review/fp_crops/fp_frame000560_0069.jpg,can,0.1993,180,226,340,358
fn,560,/Users/leoshaw/Documents/VSCode/VS_CMU_S26/MechatronicDesign/Computer Vision/error_mining_run1/review/fn_crops/fn_frame000560_0057.jpg,unknown,,217,457,285,488
fp,564,/Users/leoshaw/Documents/VSCode/VS_CMU_S26/MechatronicDesign/Computer Vision/error_mining_run1/review/fp_crops/fp_frame000564_0070.jpg,can,0.3619,208,222,357,359
fp,564,/Users/leoshaw/Documents/VSCode/VS_CMU_S26/MechatronicDesign/Computer Vision/error_mining_run1/review/fp_crops/fp_frame000564_0071.jpg,bottle,0.3281,205,222,358,364
fn,564,/Users/leoshaw/Documents/VSCode/VS_CMU_S26/MechatronicDesign/Computer Vision/error_mining_run1/review/fn_crops/fn_frame000564_0058.jpg,unknown,,241,455,307,486
fp,568,/Users/leoshaw/Documents/VSCode/VS_CMU_S26/MechatronicDesign/Computer Vision/error_mining_run1/review/fp_crops/fp_frame000568_0072.jpg,can,0.3430,242,220,389,353
fp,568,/Users/leoshaw/Documents/VSCode/VS_CMU_S26/MechatronicDesign/Computer Vision/error_mining_run1/review/fp_crops/fp_frame000568_0073.jpg,bottle,0.1760,242,222,390,357
fn,568,/Users/leoshaw/Documents/VSCode/VS_CMU_S26/MechatronicDesign/Computer Vision/error_mining_run1/review/fn_crops/fn_frame000568_0059.jpg,unknown,,276,453,338,484
fp,572,/Users/leoshaw/Documents/VSCode/VS_CMU_S26/MechatronicDesign/Computer Vision/error_mining_run1/review/fp_crops/fp_frame000572_0074.jpg,can,0.3670,310,222,456,355
fn,572,/Users/leoshaw/Documents/VSCode/VS_CMU_S26/MechatronicDesign/Computer Vision/error_mining_run1/review/fn_crops/fn_frame000572_0060.jpg,unknown,,343,454,409,485
fp,576,/Users/leoshaw/Documents/VSCode/VS_CMU_S26/MechatronicDesign/Computer Vision/error_mining_run1/review/fp_crops/fp_frame000576_0075.jpg,bottle,0.4482,389,230,541,358
fp,576,/Users/leoshaw/Documents/VSCode/VS_CMU_S26/MechatronicDesign/Computer Vision/error_mining_run1/review/fp_crops/fp_frame000576_0076.jpg,bottle,0.2379,382,28,546,359
fn,576,/Users/leoshaw/Documents/VSCode/VS_CMU_S26/MechatronicDesign/Computer Vision/error_mining_run1/review/fn_crops/fn_frame000576_0061.jpg,unknown,,422,449,482,488
fp,580,/Users/leoshaw/Documents/VSCode/VS_CMU_S26/MechatronicDesign/Computer Vision/error_mining_run1/review/fp_crops/fp_frame000580_0077.jpg,can,0.3806,467,230,621,359
fp,580,/Users/leoshaw/Documents/VSCode/VS_CMU_S26/MechatronicDesign/Computer Vision/error_mining_run1/review/fp_crops/fp_frame000580_0078.jpg,bottle,0.1801,468,232,621,359
fn,580,/Users/leoshaw/Documents/VSCode/VS_CMU_S26/MechatronicDesign/Computer Vision/error_mining_run1/review/fn_crops/fn_frame000580_0062.jpg,unknown,,500,445,560,489
fp,584,/Users/leoshaw/Documents/VSCode/VS_CMU_S26/MechatronicDesign/Computer Vision/error_mining_run1/review/fp_crops/fp_frame000584_0079.jpg,can,0.1776,544,190,697,363
fp,584,/Users/leoshaw/Documents/VSCode/VS_CMU_S26/MechatronicDesign/Computer Vision/error_mining_run1/review/fp_crops/fp_frame000584_0080.jpg,bottle,0.1568,543,28,701,361
fn,584,/Users/leoshaw/Documents/VSCode/VS_CMU_S26/MechatronicDesign/Computer Vision/error_mining_run1/review/fn_crops/fn_frame000584_0063.jpg,unknown,,575,446,636,491
fp,588,/Users/leoshaw/Documents/VSCode/VS_CMU_S26/MechatronicDesign/Computer Vision/error_mining_run1/review/fp_crops/fp_frame000588_0081.jpg,can,0.3306,620,237,769,363
fn,588,/Users/leoshaw/Documents/VSCode/VS_CMU_S26/MechatronicDesign/Computer Vision/error_mining_run1/review/fn_crops/fn_frame000588_0064.jpg,unknown,,647,449,708,493
fn,592,/Users/leoshaw/Documents/VSCode/VS_CMU_S26/MechatronicDesign/Computer Vision/error_mining_run1/review/fn_crops/fn_frame000592_0065.jpg,unknown,,714,453,776,494
fp,596,/Users/leoshaw/Documents/VSCode/VS_CMU_S26/MechatronicDesign/Computer Vision/error_mining_run1/review/fp_crops/fp_frame000596_0082.jpg,bottle,0.2851,760,26,910,215
fn,596,/Users/leoshaw/Documents/VSCode/VS_CMU_S26/MechatronicDesign/Computer Vision/error_mining_run1/review/fn_crops/fn_frame000596_0066.jpg,unknown,,766,453,826,494
fp,600,/Users/leoshaw/Documents/VSCode/VS_CMU_S26/MechatronicDesign/Computer Vision/error_mining_run1/review/fp_crops/fp_frame000600_0083.jpg,bottle,0.1921,797,24,957,214
fn,600,/Users/leoshaw/Documents/VSCode/VS_CMU_S26/MechatronicDesign/Computer Vision/error_mining_run1/review/fn_crops/fn_frame000600_0067.jpg,unknown,,804,451,865,493
fn,604,/Users/leoshaw/Documents/VSCode/VS_CMU_S26/MechatronicDesign/Computer Vision/error_mining_run1/review/fn_crops/fn_frame000604_0068.jpg,unknown,,0,496,51,568
fn,604,/Users/leoshaw/Documents/VSCode/VS_CMU_S26/MechatronicDesign/Computer Vision/error_mining_run1/review/fn_crops/fn_frame000604_0069.jpg,unknown,,839,449,900,490
fp,608,/Users/leoshaw/Documents/VSCode/VS_CMU_S26/MechatronicDesign/Computer Vision/error_mining_run1/review/fp_crops/fp_frame000608_0084.jpg,can,0.3279,840,227,1001,356
fp,608,/Users/leoshaw/Documents/VSCode/VS_CMU_S26/MechatronicDesign/Computer Vision/error_mining_run1/review/fp_crops/fp_frame000608_0085.jpg,can,0.1818,0,293,38,428
fp,608,/Users/leoshaw/Documents/VSCode/VS_CMU_S26/MechatronicDesign/Computer Vision/error_mining_run1/review/fp_crops/fp_frame000608_0086.jpg,can,0.1714,836,226,1001,448
fp,608,/Users/leoshaw/Documents/VSCode/VS_CMU_S26/MechatronicDesign/Computer Vision/error_mining_run1/review/fp_crops/fp_frame000608_0087.jpg,bottle,0.1549,832,227,999,480
fn,608,/Users/leoshaw/Documents/VSCode/VS_CMU_S26/MechatronicDesign/Computer Vision/error_mining_run1/review/fn_crops/fn_frame000608_0070.jpg,unknown,,0,301,91,575
fp,612,/Users/leoshaw/Documents/VSCode/VS_CMU_S26/MechatronicDesign/Computer Vision/error_mining_run1/review/fp_crops/fp_frame000612_0088.jpg,bottle,0.4559,0,425,88,571
fp,612,/Users/leoshaw/Documents/VSCode/VS_CMU_S26/MechatronicDesign/Computer Vision/error_mining_run1/review/fp_crops/fp_frame000612_0089.jpg,can,0.2591,871,224,1035,351
fp,616,/Users/leoshaw/Documents/VSCode/VS_CMU_S26/MechatronicDesign/Computer Vision/error_mining_run1/review/fp_crops/fp_frame000616_0090.jpg,bottle,0.3392,898,1,1072,478
fp,616,/Users/leoshaw/Documents/VSCode/VS_CMU_S26/MechatronicDesign/Computer Vision/error_mining_run1/review/fp_crops/fp_frame000616_0091.jpg,can,0.3027,901,221,1067,353
fp,616,/Users/leoshaw/Documents/VSCode/VS_CMU_S26/MechatronicDesign/Computer Vision/error_mining_run1/review/fp_crops/fp_frame000616_0092.jpg,bottle,0.2781,903,222,1068,353
fp,616,/Users/leoshaw/Documents/VSCode/VS_CMU_S26/MechatronicDesign/Computer Vision/error_mining_run1/review/fp_crops/fp_frame000616_0093.jpg,can,0.2634,0,406,140,564
fp,620,/Users/leoshaw/Documents/VSCode/VS_CMU_S26/MechatronicDesign/Computer Vision/error_mining_run1/review/fp_crops/fp_frame000620_0094.jpg,bottle,0.3838,935,19,1078,357
fp,620,/Users/leoshaw/Documents/VSCode/VS_CMU_S26/MechatronicDesign/Computer Vision/error_mining_run1/review/fp_crops/fp_frame000620_0095.jpg,bottle,0.2182,937,214,1079,348
fp,624,/Users/leoshaw/Documents/VSCode/VS_CMU_S26/MechatronicDesign/Computer Vision/error_mining_run1/review/fp_crops/fp_frame000624_0096.jpg,bottle,0.2875,40,83,185,236
fn,624,/Users/leoshaw/Documents/VSCode/VS_CMU_S26/MechatronicDesign/Computer Vision/error_mining_run1/review/fn_crops/fn_frame000624_0071.jpg,unknown,,1013,364,1079,481
fn,624,/Users/leoshaw/Documents/VSCode/VS_CMU_S26/MechatronicDesign/Computer Vision/error_mining_run1/review/fn_crops/fn_frame000624_0072.jpg,unknown,,989,215,1079,350
fn,624,/Users/leoshaw/Documents/VSCode/VS_CMU_S26/MechatronicDesign/Computer Vision/error_mining_run1/review/fn_crops/fn_frame000624_0073.jpg,unknown,,0,81,248,573
fp,628,/Users/leoshaw/Documents/VSCode/VS_CMU_S26/MechatronicDesign/Computer Vision/error_mining_run1/review/fp_crops/fp_frame000628_0097.jpg,can,0.1856,1049,220,1079,355
fn,628,/Users/leoshaw/Documents/VSCode/VS_CMU_S26/MechatronicDesign/Computer Vision/error_mining_run1/review/fn_crops/fn_frame000628_0074.jpg,unknown,,0,81,310,573
fn,632,/Users/leoshaw/Documents/VSCode/VS_CMU_S26/MechatronicDesign/Computer Vision/error_mining_run1/review/fn_crops/fn_frame000632_0075.jpg,unknown,,0,81,353,573
fn,636,/Users/leoshaw/Documents/VSCode/VS_CMU_S26/MechatronicDesign/Computer Vision/error_mining_run1/review/fn_crops/fn_frame000636_0076.jpg,unknown,,54,81,404,572
fn,640,/Users/leoshaw/Documents/VSCode/VS_CMU_S26/MechatronicDesign/Computer Vision/error_mining_run1/review/fn_crops/fn_frame000640_0077.jpg,unknown,,115,82,453,572
fn,644,/Users/leoshaw/Documents/VSCode/VS_CMU_S26/MechatronicDesign/Computer Vision/error_mining_run1/review/fn_crops/fn_frame000644_0078.jpg,unknown,,175,81,498,572
fn,648,/Users/leoshaw/Documents/VSCode/VS_CMU_S26/MechatronicDesign/Computer Vision/error_mining_run1/review/fn_crops/fn_frame000648_0079.jpg,unknown,,234,80,551,571
fn,652,/Users/leoshaw/Documents/VSCode/VS_CMU_S26/MechatronicDesign/Computer Vision/error_mining_run1/review/fn_crops/fn_frame000652_0080.jpg,unknown,,294,79,609,568
fn,656,/Users/leoshaw/Documents/VSCode/VS_CMU_S26/MechatronicDesign/Computer Vision/error_mining_run1/review/fn_crops/fn_frame000656_0081.jpg,unknown,,352,80,668,572
fn,660,/Users/leoshaw/Documents/VSCode/VS_CMU_S26/MechatronicDesign/Computer Vision/error_mining_run1/review/fn_crops/fn_frame000660_0082.jpg,unknown,,409,79,726,571
fn,664,/Users/leoshaw/Documents/VSCode/VS_CMU_S26/MechatronicDesign/Computer Vision/error_mining_run1/review/fn_crops/fn_frame000664_0083.jpg,unknown,,467,80,787,571
fn,668,/Users/leoshaw/Documents/VSCode/VS_CMU_S26/MechatronicDesign/Computer Vision/error_mining_run1/review/fn_crops/fn_frame000668_0084.jpg,unknown,,525,79,847,571
fn,672,/Users/leoshaw/Documents/VSCode/VS_CMU_S26/MechatronicDesign/Computer Vision/error_mining_run1/review/fn_crops/fn_frame000672_0085.jpg,unknown,,583,77,908,572
fn,676,/Users/leoshaw/Documents/VSCode/VS_CMU_S26/MechatronicDesign/Computer Vision/error_mining_run1/review/fn_crops/fn_frame000676_0086.jpg,unknown,,638,77,968,570
fn,680,/Users/leoshaw/Documents/VSCode/VS_CMU_S26/MechatronicDesign/Computer Vision/error_mining_run1/review/fn_crops/fn_frame000680_0087.jpg,unknown,,686,77,1029,570
fp,684,/Users/leoshaw/Documents/VSCode/VS_CMU_S26/MechatronicDesign/Computer Vision/error_mining_run1/review/fp_crops/fp_frame000684_0098.jpg,bottle,0.4534,944,79,1079,228
fn,684,/Users/leoshaw/Documents/VSCode/VS_CMU_S26/MechatronicDesign/Computer Vision/error_mining_run1/review/fn_crops/fn_frame000684_0088.jpg,unknown,,735,76,1079,569
fp,688,/Users/leoshaw/Documents/VSCode/VS_CMU_S26/MechatronicDesign/Computer Vision/error_mining_run1/review/fp_crops/fp_frame000688_0099.jpg,can,0.4913,802,238,982,405
fp,692,/Users/leoshaw/Documents/VSCode/VS_CMU_S26/MechatronicDesign/Computer Vision/error_mining_run1/review/fp_crops/fp_frame000692_0100.jpg,can,0.3705,841,237,1043,413
fp,692,/Users/leoshaw/Documents/VSCode/VS_CMU_S26/MechatronicDesign/Computer Vision/error_mining_run1/review/fp_crops/fp_frame000692_0101.jpg,can,0.1865,1043,414,1079,553
fp,696,/Users/leoshaw/Documents/VSCode/VS_CMU_S26/MechatronicDesign/Computer Vision/error_mining_run1/review/fp_crops/fp_frame000696_0102.jpg,can,0.4084,888,235,1079,416
fp,696,/Users/leoshaw/Documents/VSCode/VS_CMU_S26/MechatronicDesign/Computer Vision/error_mining_run1/review/fp_crops/fp_frame000696_0103.jpg,bottle,0.2053,889,238,1079,420
fp,700,/Users/leoshaw/Documents/VSCode/VS_CMU_S26/MechatronicDesign/Computer Vision/error_mining_run1/review/fp_crops/fp_frame000700_0104.jpg,bottle,0.4612,935,405,1079,563
fp,708,/Users/leoshaw/Documents/VSCode/VS_CMU_S26/MechatronicDesign/Computer Vision/error_mining_run1/review/fp_crops/fp_frame000708_0105.jpg,can,0.4509,1046,283,1079,421
fp,708,/Users/leoshaw/Documents/VSCode/VS_CMU_S26/MechatronicDesign/Computer Vision/error_mining_run1/review/fp_crops/fp_frame000708_0106.jpg,can,0.1908,1040,434,1079,564
fp,816,/Users/leoshaw/Documents/VSCode/VS_CMU_S26/MechatronicDesign/Computer Vision/error_mining_run1/review/fp_crops/fp_frame000816_0107.jpg,can,0.3525,0,441,143,588
fn,820,/Users/leoshaw/Documents/VSCode/VS_CMU_S26/MechatronicDesign/Computer Vision/error_mining_run1/review/fn_crops/fn_frame000820_0089.jpg,unknown,,0,462,211,614
fp,824,/Users/leoshaw/Documents/VSCode/VS_CMU_S26/MechatronicDesign/Computer Vision/error_mining_run1/review/fp_crops/fp_frame000824_0108.jpg,can,0.1678,0,488,246,637
fp,828,/Users/leoshaw/Documents/VSCode/VS_CMU_S26/MechatronicDesign/Computer Vision/error_mining_run1/review/fp_crops/fp_frame000828_0109.jpg,can,0.3064,8,512,299,665
fp,832,/Users/leoshaw/Documents/VSCode/VS_CMU_S26/MechatronicDesign/Computer Vision/error_mining_run1/review/fp_crops/fp_frame000832_0110.jpg,can,0.2439,49,537,347,679
fp,836,/Users/leoshaw/Documents/VSCode/VS_CMU_S26/MechatronicDesign/Computer Vision/error_mining_run1/review/fp_crops/fp_frame000836_0111.jpg,can,0.2967,108,534,402,678
fp,840,/Users/leoshaw/Documents/VSCode/VS_CMU_S26/MechatronicDesign/Computer Vision/error_mining_run1/review/fp_crops/fp_frame000840_0112.jpg,can,0.1709,164,530,453,678
fn,844,/Users/leoshaw/Documents/VSCode/VS_CMU_S26/MechatronicDesign/Computer Vision/error_mining_run1/review/fn_crops/fn_frame000844_0090.jpg,unknown,,218,525,507,676
fp,848,/Users/leoshaw/Documents/VSCode/VS_CMU_S26/MechatronicDesign/Computer Vision/error_mining_run1/review/fp_crops/fp_frame000848_0113.jpg,bottle,0.1619,276,529,550,675
fp,852,/Users/leoshaw/Documents/VSCode/VS_CMU_S26/MechatronicDesign/Computer Vision/error_mining_run1/review/fp_crops/fp_frame000852_0114.jpg,can,0.1671,331,527,601,673
fp,856,/Users/leoshaw/Documents/VSCode/VS_CMU_S26/MechatronicDesign/Computer Vision/error_mining_run1/review/fp_crops/fp_frame000856_0115.jpg,can,0.2380,385,522,658,668
fp,860,/Users/leoshaw/Documents/VSCode/VS_CMU_S26/MechatronicDesign/Computer Vision/error_mining_run1/review/fp_crops/fp_frame000860_0116.jpg,can,0.2246,440,514,711,665
fp,864,/Users/leoshaw/Documents/VSCode/VS_CMU_S26/MechatronicDesign/Computer Vision/error_mining_run1/review/fp_crops/fp_frame000864_0117.jpg,can,0.1799,494,506,765,658
fp,868,/Users/leoshaw/Documents/VSCode/VS_CMU_S26/MechatronicDesign/Computer Vision/error_mining_run1/review/fp_crops/fp_frame000868_0118.jpg,bottle,0.1691,548,502,822,654
fp,872,/Users/leoshaw/Documents/VSCode/VS_CMU_S26/MechatronicDesign/Computer Vision/error_mining_run1/review/fp_crops/fp_frame000872_0119.jpg,bottle,0.1830,602,494,878,649
fp,876,/Users/leoshaw/Documents/VSCode/VS_CMU_S26/MechatronicDesign/Computer Vision/error_mining_run1/review/fp_crops/fp_frame000876_0120.jpg,can,0.1941,657,499,931,645
fp,880,/Users/leoshaw/Documents/VSCode/VS_CMU_S26/MechatronicDesign/Computer Vision/error_mining_run1/review/fp_crops/fp_frame000880_0121.jpg,can,0.2193,706,495,989,642
fp,880,/Users/leoshaw/Documents/VSCode/VS_CMU_S26/MechatronicDesign/Computer Vision/error_mining_run1/review/fp_crops/fp_frame000880_0122.jpg,bottle,0.1720,695,491,989,647
fn,880,/Users/leoshaw/Documents/VSCode/VS_CMU_S26/MechatronicDesign/Computer Vision/error_mining_run1/review/fn_crops/fn_frame000880_0091.jpg,unknown,,0,140,28,209
fp,884,/Users/leoshaw/Documents/VSCode/VS_CMU_S26/MechatronicDesign/Computer Vision/error_mining_run1/review/fp_crops/fp_frame000884_0123.jpg,bottle,0.3249,0,117,75,205
fp,884,/Users/leoshaw/Documents/VSCode/VS_CMU_S26/MechatronicDesign/Computer Vision/error_mining_run1/review/fp_crops/fp_frame000884_0124.jpg,bottle,0.1955,746,488,1045,645
fp,888,/Users/leoshaw/Documents/VSCode/VS_CMU_S26/MechatronicDesign/Computer Vision/error_mining_run1/review/fp_crops/fp_frame000888_0125.jpg,bottle,0.1526,0,264,57,410
fn,888,/Users/leoshaw/Documents/VSCode/VS_CMU_S26/MechatronicDesign/Computer Vision/error_mining_run1/review/fn_crops/fn_frame000888_0092.jpg,unknown,,796,484,1079,635
fn,888,/Users/leoshaw/Documents/VSCode/VS_CMU_S26/MechatronicDesign/Computer Vision/error_mining_run1/review/fn_crops/fn_frame000888_0093.jpg,unknown,,42,117,130,212
fp,892,/Users/leoshaw/Documents/VSCode/VS_CMU_S26/MechatronicDesign/Computer Vision/error_mining_run1/review/fp_crops/fp_frame000892_0126.jpg,bottle,0.2306,0,235,106,473
fn,892,/Users/leoshaw/Documents/VSCode/VS_CMU_S26/MechatronicDesign/Computer Vision/error_mining_run1/review/fn_crops/fn_frame000892_0094.jpg,unknown,,849,479,1079,634
fn,892,/Users/leoshaw/Documents/VSCode/VS_CMU_S26/MechatronicDesign/Computer Vision/error_mining_run1/review/fn_crops/fn_frame000892_0095.jpg,unknown,,94,115,179,206
fp,896,/Users/leoshaw/Documents/VSCode/VS_CMU_S26/MechatronicDesign/Computer Vision/error_mining_run1/review/fp_crops/fp_frame000896_0127.jpg,bottle,0.4017,0,229,162,490
fp,896,/Users/leoshaw/Documents/VSCode/VS_CMU_S26/MechatronicDesign/Computer Vision/error_mining_run1/review/fp_crops/fp_frame000896_0128.jpg,bottle,0.1746,903,477,1079,628
fn,896,/Users/leoshaw/Documents/VSCode/VS_CMU_S26/MechatronicDesign/Computer Vision/error_mining_run1/review/fn_crops/fn_frame000896_0096.jpg,unknown,,150,117,234,209
fp,900,/Users/leoshaw/Documents/VSCode/VS_CMU_S26/MechatronicDesign/Computer Vision/error_mining_run1/review/fp_crops/fp_frame000900_0129.jpg,bottle,0.4894,0,224,220,484
fp,900,/Users/leoshaw/Documents/VSCode/VS_CMU_S26/MechatronicDesign/Computer Vision/error_mining_run1/review/fp_crops/fp_frame000900_0130.jpg,can,0.4132,954,481,1079,632
fp,900,/Users/leoshaw/Documents/VSCode/VS_CMU_S26/MechatronicDesign/Computer Vision/error_mining_run1/review/fp_crops/fp_frame000900_0131.jpg,bottle,0.2869,0,116,278,483
fn,900,/Users/leoshaw/Documents/VSCode/VS_CMU_S26/MechatronicDesign/Computer Vision/error_mining_run1/review/fn_crops/fn_frame000900_0097.jpg,unknown,,0,502,55,542
fn,900,/Users/leoshaw/Documents/VSCode/VS_CMU_S26/MechatronicDesign/Computer Vision/error_mining_run1/review/fn_crops/fn_frame000900_0098.jpg,unknown,,203,117,285,212
fp,904,/Users/leoshaw/Documents/VSCode/VS_CMU_S26/MechatronicDesign/Computer Vision/error_mining_run1/review/fp_crops/fp_frame000904_0132.jpg,can,0.3360,1,436,151,547
fp,904,/Users/leoshaw/Documents/VSCode/VS_CMU_S26/MechatronicDesign/Computer Vision/error_mining_run1/review/fp_crops/fp_frame000904_0133.jpg,bottle,0.3208,1,433,152,550
fp,904,/Users/leoshaw/Documents/VSCode/VS_CMU_S26/MechatronicDesign/Computer Vision/error_mining_run1/review/fp_crops/fp_frame000904_0134.jpg,bottle,0.3046,13,218,267,485
fn,904,/Users/leoshaw/Documents/VSCode/VS_CMU_S26/MechatronicDesign/Computer Vision/error_mining_run1/review/fn_crops/fn_frame000904_0099.jpg,unknown,,255,116,336,208
fp,908,/Users/leoshaw/Documents/VSCode/VS_CMU_S26/MechatronicDesign/Computer Vision/error_mining_run1/review/fp_crops/fp_frame000908_0135.jpg,bottle,0.1603,8,387,200,548
fn,908,/Users/leoshaw/Documents/VSCode/VS_CMU_S26/MechatronicDesign/Computer Vision/error_mining_run1/review/fn_crops/fn_frame000908_0100.jpg,unknown,,39,486,140,542
fn,908,/Users/leoshaw/Documents/VSCode/VS_CMU_S26/MechatronicDesign/Computer Vision/error_mining_run1/review/fn_crops/fn_frame000908_0101.jpg,unknown,,310,116,390,213
fn,912,/Users/leoshaw/Documents/VSCode/VS_CMU_S26/MechatronicDesign/Computer Vision/error_mining_run1/review/fn_crops/fn_frame000912_0102.jpg,unknown,,363,117,443,224
fn,916,/Users/leoshaw/Documents/VSCode/VS_CMU_S26/MechatronicDesign/Computer Vision/error_mining_run1/review/fn_crops/fn_frame000916_0103.jpg,unknown,,416,117,496,224
fn,920,/Users/leoshaw/Documents/VSCode/VS_CMU_S26/MechatronicDesign/Computer Vision/error_mining_run1/review/fn_crops/fn_frame000920_0104.jpg,unknown,,468,117,548,222
fn,924,/Users/leoshaw/Documents/VSCode/VS_CMU_S26/MechatronicDesign/Computer Vision/error_mining_run1/review/fn_crops/fn_frame000924_0105.jpg,unknown,,521,116,600,214
fn,928,/Users/leoshaw/Documents/VSCode/VS_CMU_S26/MechatronicDesign/Computer Vision/error_mining_run1/review/fn_crops/fn_frame000928_0106.jpg,unknown,,573,116,653,220
fn,932,/Users/leoshaw/Documents/VSCode/VS_CMU_S26/MechatronicDesign/Computer Vision/error_mining_run1/review/fn_crops/fn_frame000932_0107.jpg,unknown,,362,487,463,544
fn,932,/Users/leoshaw/Documents/VSCode/VS_CMU_S26/MechatronicDesign/Computer Vision/error_mining_run1/review/fn_crops/fn_frame000932_0108.jpg,unknown,,626,115,707,225
fn,936,/Users/leoshaw/Documents/VSCode/VS_CMU_S26/MechatronicDesign/Computer Vision/error_mining_run1/review/fn_crops/fn_frame000936_0109.jpg,unknown,,412,485,514,545
fn,936,/Users/leoshaw/Documents/VSCode/VS_CMU_S26/MechatronicDesign/Computer Vision/error_mining_run1/review/fn_crops/fn_frame000936_0110.jpg,unknown,,670,115,761,248
fn,940,/Users/leoshaw/Documents/VSCode/VS_CMU_S26/MechatronicDesign/Computer Vision/error_mining_run1/review/fn_crops/fn_frame000940_0111.jpg,unknown,,467,485,563,545
fn,940,/Users/leoshaw/Documents/VSCode/VS_CMU_S26/MechatronicDesign/Computer Vision/error_mining_run1/review/fn_crops/fn_frame000940_0112.jpg,unknown,,721,114,814,226
fn,944,/Users/leoshaw/Documents/VSCode/VS_CMU_S26/MechatronicDesign/Computer Vision/error_mining_run1/review/fn_crops/fn_frame000944_0113.jpg,unknown,,516,483,614,544
fn,944,/Users/leoshaw/Documents/VSCode/VS_CMU_S26/MechatronicDesign/Computer Vision/error_mining_run1/review/fn_crops/fn_frame000944_0114.jpg,unknown,,774,113,866,242
fn,948,/Users/leoshaw/Documents/VSCode/VS_CMU_S26/MechatronicDesign/Computer Vision/error_mining_run1/review/fn_crops/fn_frame000948_0115.jpg,unknown,,0,472,29,532
fn,948,/Users/leoshaw/Documents/VSCode/VS_CMU_S26/MechatronicDesign/Computer Vision/error_mining_run1/review/fn_crops/fn_frame000948_0116.jpg,unknown,,562,463,662,544
fn,948,/Users/leoshaw/Documents/VSCode/VS_CMU_S26/MechatronicDesign/Computer Vision/error_mining_run1/review/fn_crops/fn_frame000948_0117.jpg,unknown,,823,113,920,231
fn,952,/Users/leoshaw/Documents/VSCode/VS_CMU_S26/MechatronicDesign/Computer Vision/error_mining_run1/review/fn_crops/fn_frame000952_0118.jpg,unknown,,614,458,714,544
fn,952,/Users/leoshaw/Documents/VSCode/VS_CMU_S26/MechatronicDesign/Computer Vision/error_mining_run1/review/fn_crops/fn_frame000952_0119.jpg,unknown,,0,452,80,543
fn,952,/Users/leoshaw/Documents/VSCode/VS_CMU_S26/MechatronicDesign/Computer Vision/error_mining_run1/review/fn_crops/fn_frame000952_0120.jpg,unknown,,878,112,974,222
fn,956,/Users/leoshaw/Documents/VSCode/VS_CMU_S26/MechatronicDesign/Computer Vision/error_mining_run1/review/fn_crops/fn_frame000956_0121.jpg,unknown,,0,414,122,543
fn,956,/Users/leoshaw/Documents/VSCode/VS_CMU_S26/MechatronicDesign/Computer Vision/error_mining_run1/review/fn_crops/fn_frame000956_0122.jpg,unknown,,944,112,1027,218
fn,960,/Users/leoshaw/Documents/VSCode/VS_CMU_S26/MechatronicDesign/Computer Vision/error_mining_run1/review/fn_crops/fn_frame000960_0123.jpg,unknown,,0,365,173,540
fn,960,/Users/leoshaw/Documents/VSCode/VS_CMU_S26/MechatronicDesign/Computer Vision/error_mining_run1/review/fn_crops/fn_frame000960_0124.jpg,unknown,,997,111,1079,219
fp,964,/Users/leoshaw/Documents/VSCode/VS_CMU_S26/MechatronicDesign/Computer Vision/error_mining_run1/review/fp_crops/fp_frame000964_0136.jpg,bottle,0.3299,0,327,251,538
fp,964,/Users/leoshaw/Documents/VSCode/VS_CMU_S26/MechatronicDesign/Computer Vision/error_mining_run1/review/fp_crops/fp_frame000964_0137.jpg,bottle,0.2069,0,326,416,589
fn,964,/Users/leoshaw/Documents/VSCode/VS_CMU_S26/MechatronicDesign/Computer Vision/error_mining_run1/review/fn_crops/fn_frame000964_0125.jpg,unknown,,1050,119,1079,224
fp,968,/Users/leoshaw/Documents/VSCode/VS_CMU_S26/MechatronicDesign/Computer Vision/error_mining_run1/review/fp_crops/fp_frame000968_0138.jpg,bottle,0.2259,0,298,519,681
fn,984,/Users/leoshaw/Documents/VSCode/VS_CMU_S26/MechatronicDesign/Computer Vision/error_mining_run1/review/fn_crops/fn_frame000984_0126.jpg,unknown,,1022,370,1079,517
fp,988,/Users/leoshaw/Documents/VSCode/VS_CMU_S26/MechatronicDesign/Computer Vision/error_mining_run1/review/fp_crops/fp_frame000988_0139.jpg,bottle,0.2987,124,227,648,532
fp,1036,/Users/leoshaw/Documents/VSCode/VS_CMU_S26/MechatronicDesign/Computer Vision/error_mining_run1/review/fp_crops/fp_frame001036_0140.jpg,bottle,0.4331,709,153,1079,494
fp,1036,/Users/leoshaw/Documents/VSCode/VS_CMU_S26/MechatronicDesign/Computer Vision/error_mining_run1/review/fp_crops/fp_frame001036_0141.jpg,bottle,0.3072,711,152,945,372
fp,1040,/Users/leoshaw/Documents/VSCode/VS_CMU_S26/MechatronicDesign/Computer Vision/error_mining_run1/review/fp_crops/fp_frame001040_0142.jpg,bottle,0.4700,777,136,1013,360
fp,1040,/Users/leoshaw/Documents/VSCode/VS_CMU_S26/MechatronicDesign/Computer Vision/error_mining_run1/review/fp_crops/fp_frame001040_0143.jpg,bottle,0.2459,777,137,1076,448
fp,1044,/Users/leoshaw/Documents/VSCode/VS_CMU_S26/MechatronicDesign/Computer Vision/error_mining_run1/review/fp_crops/fp_frame001044_0144.jpg,can,0.2875,831,127,1069,354
fp,1060,/Users/leoshaw/Documents/VSCode/VS_CMU_S26/MechatronicDesign/Computer Vision/error_mining_run1/review/fp_crops/fp_frame001060_0145.jpg,bottle,0.4860,1021,191,1079,372
fn,1148,/Users/leoshaw/Documents/VSCode/VS_CMU_S26/MechatronicDesign/Computer Vision/error_mining_run1/review/fn_crops/fn_frame001148_0127.jpg,unknown,,0,411,73,542
fn,1152,/Users/leoshaw/Documents/VSCode/VS_CMU_S26/MechatronicDesign/Computer Vision/error_mining_run1/review/fn_crops/fn_frame001152_0128.jpg,unknown,,0,242,119,546
fn,1152,/Users/leoshaw/Documents/VSCode/VS_CMU_S26/MechatronicDesign/Computer Vision/error_mining_run1/review/fn_crops/fn_frame001152_0129.jpg,unknown,,0,110,33,231
fn,1156,/Users/leoshaw/Documents/VSCode/VS_CMU_S26/MechatronicDesign/Computer Vision/error_mining_run1/review/fn_crops/fn_frame001156_0130.jpg,unknown,,0,56,155,550
fn,1160,/Users/leoshaw/Documents/VSCode/VS_CMU_S26/MechatronicDesign/Computer Vision/error_mining_run1/review/fn_crops/fn_frame001160_0131.jpg,unknown,,0,49,180,555
fp,1164,/Users/leoshaw/Documents/VSCode/VS_CMU_S26/MechatronicDesign/Computer Vision/error_mining_run1/review/fp_crops/fp_frame001164_0146.jpg,bottle,0.3121,2,209,197,378
fp,1164,/Users/leoshaw/Documents/VSCode/VS_CMU_S26/MechatronicDesign/Computer Vision/error_mining_run1/review/fp_crops/fp_frame001164_0147.jpg,bottle,0.1524,0,197,201,536
fp,1168,/Users/leoshaw/Documents/VSCode/VS_CMU_S26/MechatronicDesign/Computer Vision/error_mining_run1/review/fp_crops/fp_frame001168_0148.jpg,bottle,0.1557,0,210,245,377
fn,1172,/Users/leoshaw/Documents/VSCode/VS_CMU_S26/MechatronicDesign/Computer Vision/error_mining_run1/review/fn_crops/fn_frame001172_0132.jpg,unknown,,0,48,334,554
fp,1176,/Users/leoshaw/Documents/VSCode/VS_CMU_S26/MechatronicDesign/Computer Vision/error_mining_run1/review/fp_crops/fp_frame001176_0149.jpg,bottle,0.4003,16,215,355,387
fp,1176,/Users/leoshaw/Documents/VSCode/VS_CMU_S26/MechatronicDesign/Computer Vision/error_mining_run1/review/fp_crops/fp_frame001176_0150.jpg,bottle,0.2650,18,214,356,550
fp,1180,/Users/leoshaw/Documents/VSCode/VS_CMU_S26/MechatronicDesign/Computer Vision/error_mining_run1/review/fp_crops/fp_frame001180_0151.jpg,bottle,0.2505,77,215,408,388
fp,1180,/Users/leoshaw/Documents/VSCode/VS_CMU_S26/MechatronicDesign/Computer Vision/error_mining_run1/review/fp_crops/fp_frame001180_0152.jpg,bottle,0.2061,79,215,410,552
fn,1184,/Users/leoshaw/Documents/VSCode/VS_CMU_S26/MechatronicDesign/Computer Vision/error_mining_run1/review/fn_crops/fn_frame001184_0133.jpg,unknown,,138,49,476,554
fp,1188,/Users/leoshaw/Documents/VSCode/VS_CMU_S26/MechatronicDesign/Computer Vision/error_mining_run1/review/fp_crops/fp_frame001188_0153.jpg,bottle,0.1790,197,216,515,555
fn,1192,/Users/leoshaw/Documents/VSCode/VS_CMU_S26/MechatronicDesign/Computer Vision/error_mining_run1/review/fn_crops/fn_frame001192_0134.jpg,unknown,,260,48,581,551
fp,1196,/Users/leoshaw/Documents/VSCode/VS_CMU_S26/MechatronicDesign/Computer Vision/error_mining_run1/review/fp_crops/fp_frame001196_0154.jpg,bottle,0.1819,317,214,632,553
fn,1200,/Users/leoshaw/Documents/VSCode/VS_CMU_S26/MechatronicDesign/Computer Vision/error_mining_run1/review/fn_crops/fn_frame001200_0135.jpg,unknown,,371,47,699,555
fp,1204,/Users/leoshaw/Documents/VSCode/VS_CMU_S26/MechatronicDesign/Computer Vision/error_mining_run1/review/fp_crops/fp_frame001204_0155.jpg,bottle,0.3012,673,48,725,207
fn,1204,/Users/leoshaw/Documents/VSCode/VS_CMU_S26/MechatronicDesign/Computer Vision/error_mining_run1/review/fn_crops/fn_frame001204_0136.jpg,unknown,,429,47,758,555
fp,1208,/Users/leoshaw/Documents/VSCode/VS_CMU_S26/MechatronicDesign/Computer Vision/error_mining_run1/review/fp_crops/fp_frame001208_0156.jpg,bottle,0.2811,725,46,784,205
fp,1208,/Users/leoshaw/Documents/VSCode/VS_CMU_S26/MechatronicDesign/Computer Vision/error_mining_run1/review/fp_crops/fp_frame001208_0157.jpg,bottle,0.1928,491,211,812,554
fp,1208,/Users/leoshaw/Documents/VSCode/VS_CMU_S26/MechatronicDesign/Computer Vision/error_mining_run1/review/fp_crops/fp_frame001208_0158.jpg,bottle,0.1859,665,209,801,364
fp,1208,/Users/leoshaw/Documents/VSCode/VS_CMU_S26/MechatronicDesign/Computer Vision/error_mining_run1/review/fp_crops/fp_frame001208_0159.jpg,bottle,0.1604,493,208,807,387
fp,1212,/Users/leoshaw/Documents/VSCode/VS_CMU_S26/MechatronicDesign/Computer Vision/error_mining_run1/review/fp_crops/fp_frame001212_0160.jpg,bottle,0.2926,740,208,861,361
fp,1212,/Users/leoshaw/Documents/VSCode/VS_CMU_S26/MechatronicDesign/Computer Vision/error_mining_run1/review/fp_crops/fp_frame001212_0161.jpg,bottle,0.2636,541,209,872,550
fp,1212,/Users/leoshaw/Documents/VSCode/VS_CMU_S26/MechatronicDesign/Computer Vision/error_mining_run1/review/fp_crops/fp_frame001212_0162.jpg,bottle,0.2224,777,43,846,205
fp,1212,/Users/leoshaw/Documents/VSCode/VS_CMU_S26/MechatronicDesign/Computer Vision/error_mining_run1/review/fp_crops/fp_frame001212_0163.jpg,bottle,0.1797,539,370,877,549
fp,1212,/Users/leoshaw/Documents/VSCode/VS_CMU_S26/MechatronicDesign/Computer Vision/error_mining_run1/review/fp_crops/fp_frame001212_0164.jpg,bottle,0.1517,545,210,868,390
fp,1216,/Users/leoshaw/Documents/VSCode/VS_CMU_S26/MechatronicDesign/Computer Vision/error_mining_run1/review/fp_crops/fp_frame001216_0165.jpg,bottle,0.4660,798,207,919,362
fp,1216,/Users/leoshaw/Documents/VSCode/VS_CMU_S26/MechatronicDesign/Computer Vision/error_mining_run1/review/fp_crops/fp_frame001216_0166.jpg,bottle,0.2761,591,210,935,549
fp,1220,/Users/leoshaw/Documents/VSCode/VS_CMU_S26/MechatronicDesign/Computer Vision/error_mining_run1/review/fp_crops/fp_frame001220_0167.jpg,bottle,0.2782,648,207,990,546
fp,1220,/Users/leoshaw/Documents/VSCode/VS_CMU_S26/MechatronicDesign/Computer Vision/error_mining_run1/review/fp_crops/fp_frame001220_0168.jpg,bottle,0.1969,652,209,989,398
fn,1220,/Users/leoshaw/Documents/VSCode/VS_CMU_S26/MechatronicDesign/Computer Vision/error_mining_run1/review/fn_crops/fn_frame001220_0137.jpg,unknown,,0,257,55,365
fp,1224,/Users/leoshaw/Documents/VSCode/VS_CMU_S26/MechatronicDesign/Computer Vision/error_mining_run1/review/fp_crops/fp_frame001224_0169.jpg,bottle,0.4771,932,42,1026,204
fp,1224,/Users/leoshaw/Documents/VSCode/VS_CMU_S26/MechatronicDesign/Computer Vision/error_mining_run1/review/fp_crops/fp_frame001224_0170.jpg,can,0.4511,0,193,114,378
fp,1224,/Users/leoshaw/Documents/VSCode/VS_CMU_S26/MechatronicDesign/Computer Vision/error_mining_run1/review/fp_crops/fp_frame001224_0171.jpg,bottle,0.2964,915,202,1041,361
fp,1224,/Users/leoshaw/Documents/VSCode/VS_CMU_S26/MechatronicDesign/Computer Vision/error_mining_run1/review/fp_crops/fp_frame001224_0172.jpg,bottle,0.1611,699,210,1053,540
fp,1228,/Users/leoshaw/Documents/VSCode/VS_CMU_S26/MechatronicDesign/Computer Vision/error_mining_run1/review/fp_crops/fp_frame001228_0173.jpg,bottle,0.2255,0,198,190,379
fp,1228,/Users/leoshaw/Documents/VSCode/VS_CMU_S26/MechatronicDesign/Computer Vision/error_mining_run1/review/fp_crops/fp_frame001228_0174.jpg,bottle,0.2002,749,214,1079,543
fp,1228,/Users/leoshaw/Documents/VSCode/VS_CMU_S26/MechatronicDesign/Computer Vision/error_mining_run1/review/fp_crops/fp_frame001228_0175.jpg,bottle,0.1791,985,41,1079,205
fp,1228,/Users/leoshaw/Documents/VSCode/VS_CMU_S26/MechatronicDesign/Computer Vision/error_mining_run1/review/fp_crops/fp_frame001228_0176.jpg,can,0.1554,0,195,243,396
fn,1228,/Users/leoshaw/Documents/VSCode/VS_CMU_S26/MechatronicDesign/Computer Vision/error_mining_run1/review/fn_crops/fn_frame001228_0138.jpg,unknown,,0,206,64,313
fp,1232,/Users/leoshaw/Documents/VSCode/VS_CMU_S26/MechatronicDesign/Computer Vision/error_mining_run1/review/fp_crops/fp_frame001232_0177.jpg,bottle,0.3165,1036,87,1079,202
fp,1232,/Users/leoshaw/Documents/VSCode/VS_CMU_S26/MechatronicDesign/Computer Vision/error_mining_run1/review/fp_crops/fp_frame001232_0178.jpg,can,0.2567,1021,422,1079,521
fp,1232,/Users/leoshaw/Documents/VSCode/VS_CMU_S26/MechatronicDesign/Computer Vision/error_mining_run1/review/fp_crops/fp_frame001232_0179.jpg,bottle,0.2449,803,218,1079,540
fp,1232,/Users/leoshaw/Documents/VSCode/VS_CMU_S26/MechatronicDesign/Computer Vision/error_mining_run1/review/fp_crops/fp_frame001232_0180.jpg,bottle,0.2306,42,197,249,380
fp,1232,/Users/leoshaw/Documents/VSCode/VS_CMU_S26/MechatronicDesign/Computer Vision/error_mining_run1/review/fp_crops/fp_frame001232_0181.jpg,can,0.2035,1036,88,1079,204
fp,1232,/Users/leoshaw/Documents/VSCode/VS_CMU_S26/MechatronicDesign/Computer Vision/error_mining_run1/review/fp_crops/fp_frame001232_0182.jpg,can,0.1731,41,196,239,400
fn,1232,/Users/leoshaw/Documents/VSCode/VS_CMU_S26/MechatronicDesign/Computer Vision/error_mining_run1/review/fn_crops/fn_frame001232_0139.jpg,unknown,,147,288,232,370
fn,1232,/Users/leoshaw/Documents/VSCode/VS_CMU_S26/MechatronicDesign/Computer Vision/error_mining_run1/review/fn_crops/fn_frame001232_0140.jpg,unknown,,43,203,129,290
fp,1236,/Users/leoshaw/Documents/VSCode/VS_CMU_S26/MechatronicDesign/Computer Vision/error_mining_run1/review/fp_crops/fp_frame001236_0183.jpg,can,0.2992,105,189,303,402
fp,1236,/Users/leoshaw/Documents/VSCode/VS_CMU_S26/MechatronicDesign/Computer Vision/error_mining_run1/review/fp_crops/fp_frame001236_0184.jpg,bottle,0.2466,102,191,299,402
fp,1236,/Users/leoshaw/Documents/VSCode/VS_CMU_S26/MechatronicDesign/Computer Vision/error_mining_run1/review/fp_crops/fp_frame001236_0185.jpg,bottle,0.2431,850,90,1079,539
fn,1236,/Users/leoshaw/Documents/VSCode/VS_CMU_S26/MechatronicDesign/Computer Vision/error_mining_run1/review/fn_crops/fn_frame001236_0141.jpg,unknown,,200,284,290,367
fn,1236,/Users/leoshaw/Documents/VSCode/VS_CMU_S26/MechatronicDesign/Computer Vision/error_mining_run1/review/fn_crops/fn_frame001236_0142.jpg,unknown,,111,198,192,281
fp,1240,/Users/leoshaw/Documents/VSCode/VS_CMU_S26/MechatronicDesign/Computer Vision/error_mining_run1/review/fp_crops/fp_frame001240_0186.jpg,can,0.2540,165,180,360,403
fp,1240,/Users/leoshaw/Documents/VSCode/VS_CMU_S26/MechatronicDesign/Computer Vision/error_mining_run1/review/fp_crops/fp_frame001240_0187.jpg,can,0.2133,903,215,1079,392
fp,1240,/Users/leoshaw/Documents/VSCode/VS_CMU_S26/MechatronicDesign/Computer Vision/error_mining_run1/review/fp_crops/fp_frame001240_0188.jpg,bottle,0.2045,903,25,1079,539
fp,1240,/Users/leoshaw/Documents/VSCode/VS_CMU_S26/MechatronicDesign/Computer Vision/error_mining_run1/review/fp_crops/fp_frame001240_0189.jpg,bottle,0.1864,161,183,359,403
fn,1240,/Users/leoshaw/Documents/VSCode/VS_CMU_S26/MechatronicDesign/Computer Vision/error_mining_run1/review/fn_crops/fn_frame001240_0143.jpg,unknown,,249,281,348,361
fn,1240,/Users/leoshaw/Documents/VSCode/VS_CMU_S26/MechatronicDesign/Computer Vision/error_mining_run1/review/fn_crops/fn_frame001240_0144.jpg,unknown,,181,188,272,267
fp,1244,/Users/leoshaw/Documents/VSCode/VS_CMU_S26/MechatronicDesign/Computer Vision/error_mining_run1/review/fp_crops/fp_frame001244_0190.jpg,can,0.4341,221,189,441,402
fn,1244,/Users/leoshaw/Documents/VSCode/VS_CMU_S26/MechatronicDesign/Computer Vision/error_mining_run1/review/fn_crops/fn_frame001244_0145.jpg,unknown,,308,299,405,368
fp,1248,/Users/leoshaw/Documents/VSCode/VS_CMU_S26/MechatronicDesign/Computer Vision/error_mining_run1/review/fp_crops/fp_frame001248_0191.jpg,can,0.3680,282,194,489,404
fn,1248,/Users/leoshaw/Documents/VSCode/VS_CMU_S26/MechatronicDesign/Computer Vision/error_mining_run1/review/fn_crops/fn_frame001248_0146.jpg,unknown,,1034,471,1079,549
fn,1248,/Users/leoshaw/Documents/VSCode/VS_CMU_S26/MechatronicDesign/Computer Vision/error_mining_run1/review/fn_crops/fn_frame001248_0147.jpg,unknown,,1023,347,1079,468
fn,1248,/Users/leoshaw/Documents/VSCode/VS_CMU_S26/MechatronicDesign/Computer Vision/error_mining_run1/review/fn_crops/fn_frame001248_0148.jpg,unknown,,365,311,461,370
fp,1252,/Users/leoshaw/Documents/VSCode/VS_CMU_S26/MechatronicDesign/Computer Vision/error_mining_run1/review/fp_crops/fp_frame001252_0192.jpg,can,0.4005,346,192,529,404
fp,1252,/Users/leoshaw/Documents/VSCode/VS_CMU_S26/MechatronicDesign/Computer Vision/error_mining_run1/review/fp_crops/fp_frame001252_0193.jpg,bottle,0.2950,347,192,529,404
fn,1252,/Users/leoshaw/Documents/VSCode/VS_CMU_S26/MechatronicDesign/Computer Vision/error_mining_run1/review/fn_crops/fn_frame001252_0149.jpg,unknown,,413,328,511,369
fp,1256,/Users/leoshaw/Documents/VSCode/VS_CMU_S26/MechatronicDesign/Computer Vision/error_mining_run1/review/fp_crops/fp_frame001256_0194.jpg,bottle,0.2492,410,183,582,405
fp,1256,/Users/leoshaw/Documents/VSCode/VS_CMU_S26/MechatronicDesign/Computer Vision/error_mining_run1/review/fp_crops/fp_frame001256_0195.jpg,can,0.2074,409,184,581,406
fn,1256,/Users/leoshaw/Documents/VSCode/VS_CMU_S26/MechatronicDesign/Computer Vision/error_mining_run1/review/fn_crops/fn_frame001256_0150.jpg,unknown,,463,328,566,365
fn,1260,/Users/leoshaw/Documents/VSCode/VS_CMU_S26/MechatronicDesign/Computer Vision/error_mining_run1/review/fn_crops/fn_frame001260_0151.jpg,unknown,,515,333,620,366
fp,1264,/Users/leoshaw/Documents/VSCode/VS_CMU_S26/MechatronicDesign/Computer Vision/error_mining_run1/review/fp_crops/fp_frame001264_0196.jpg,bottle,0.3599,528,183,701,405
fn,1264,/Users/leoshaw/Documents/VSCode/VS_CMU_S26/MechatronicDesign/Computer Vision/error_mining_run1/review/fn_crops/fn_frame001264_0152.jpg,unknown,,571,334,676,366
fp,1268,/Users/leoshaw/Documents/VSCode/VS_CMU_S26/MechatronicDesign/Computer Vision/error_mining_run1/review/fp_crops/fp_frame001268_0197.jpg,can,0.2922,585,184,760,404
fp,1268,/Users/leoshaw/Documents/VSCode/VS_CMU_S26/MechatronicDesign/Computer Vision/error_mining_run1/review/fp_crops/fp_frame001268_0198.jpg,bottle,0.2279,584,184,761,404
fn,1268,/Users/leoshaw/Documents/VSCode/VS_CMU_S26/MechatronicDesign/Computer Vision/error_mining_run1/review/fn_crops/fn_frame001268_0153.jpg,unknown,,611,330,736,365
fp,1272,/Users/leoshaw/Documents/VSCode/VS_CMU_S26/MechatronicDesign/Computer Vision/error_mining_run1/review/fp_crops/fp_frame001272_0199.jpg,can,0.3490,641,183,826,403
fn,1272,/Users/leoshaw/Documents/VSCode/VS_CMU_S26/MechatronicDesign/Computer Vision/error_mining_run1/review/fn_crops/fn_frame001272_0154.jpg,unknown,,656,306,792,364
fp,1276,/Users/leoshaw/Documents/VSCode/VS_CMU_S26/MechatronicDesign/Computer Vision/error_mining_run1/review/fp_crops/fp_frame001276_0200.jpg,can,0.3555,686,184,887,403
fn,1280,/Users/leoshaw/Documents/VSCode/VS_CMU_S26/MechatronicDesign/Computer Vision/error_mining_run1/review/fn_crops/fn_frame001280_0155.jpg,unknown,,762,270,906,363
fn,1280,/Users/leoshaw/Documents/VSCode/VS_CMU_S26/MechatronicDesign/Computer Vision/error_mining_run1/review/fn_crops/fn_frame001280_0156.jpg,unknown,,790,182,937,271
fp,1284,/Users/leoshaw/Documents/VSCode/VS_CMU_S26/MechatronicDesign/Computer Vision/error_mining_run1/review/fp_crops/fp_frame001284_0201.jpg,can,0.1685,740,184,1014,401
fn,1288,/Users/leoshaw/Documents/VSCode/VS_CMU_S26/MechatronicDesign/Computer Vision/error_mining_run1/review/fn_crops/fn_frame001288_0157.jpg,unknown,,878,260,1020,361
fn,1288,/Users/leoshaw/Documents/VSCode/VS_CMU_S26/MechatronicDesign/Computer Vision/error_mining_run1/review/fn_crops/fn_frame001288_0158.jpg,unknown,,923,182,1071,316
fn,1292,/Users/leoshaw/Documents/VSCode/VS_CMU_S26/MechatronicDesign/Computer Vision/error_mining_run1/review/fn_crops/fn_frame001292_0159.jpg,unknown,,937,254,1076,361
fn,1292,/Users/leoshaw/Documents/VSCode/VS_CMU_S26/MechatronicDesign/Computer Vision/error_mining_run1/review/fn_crops/fn_frame001292_0160.jpg,unknown,,988,181,1079,264
fp,1296,/Users/leoshaw/Documents/VSCode/VS_CMU_S26/MechatronicDesign/Computer Vision/error_mining_run1/review/fp_crops/fp_frame001296_0202.jpg,bottle,0.1560,873,187,1079,398
fn,1300,/Users/leoshaw/Documents/VSCode/VS_CMU_S26/MechatronicDesign/Computer Vision/error_mining_run1/review/fn_crops/fn_frame001300_0161.jpg,unknown,,1054,239,1079,333
fp,1432,/Users/leoshaw/Documents/VSCode/VS_CMU_S26/MechatronicDesign/Computer Vision/error_mining_run1/review/fp_crops/fp_frame001432_0203.jpg,bottle,0.3668,0,317,56,463
fp,1436,/Users/leoshaw/Documents/VSCode/VS_CMU_S26/MechatronicDesign/Computer Vision/error_mining_run1/review/fp_crops/fp_frame001436_0204.jpg,bottle,0.4824,0,290,108,460
fp,1440,/Users/leoshaw/Documents/VSCode/VS_CMU_S26/MechatronicDesign/Computer Vision/error_mining_run1/review/fp_crops/fp_frame001440_0205.jpg,can,0.4213,0,277,163,457
fp,1440,/Users/leoshaw/Documents/VSCode/VS_CMU_S26/MechatronicDesign/Computer Vision/error_mining_run1/review/fp_crops/fp_frame001440_0206.jpg,bottle,0.3548,0,275,162,458
fp,1448,/Users/leoshaw/Documents/VSCode/VS_CMU_S26/MechatronicDesign/Computer Vision/error_mining_run1/review/fp_crops/fp_frame001448_0207.jpg,bottle,0.2689,6,276,267,456
fp,1452,/Users/leoshaw/Documents/VSCode/VS_CMU_S26/MechatronicDesign/Computer Vision/error_mining_run1/review/fp_crops/fp_frame001452_0208.jpg,bottle,0.4076,82,276,316,457
fp,1456,/Users/leoshaw/Documents/VSCode/VS_CMU_S26/MechatronicDesign/Computer Vision/error_mining_run1/review/fp_crops/fp_frame001456_0209.jpg,can,0.4842,154,277,368,457
fp,1456,/Users/leoshaw/Documents/VSCode/VS_CMU_S26/MechatronicDesign/Computer Vision/error_mining_run1/review/fp_crops/fp_frame001456_0210.jpg,bottle,0.4249,155,276,368,458
fp,1460,/Users/leoshaw/Documents/VSCode/VS_CMU_S26/MechatronicDesign/Computer Vision/error_mining_run1/review/fp_crops/fp_frame001460_0211.jpg,bottle,0.3089,225,277,418,458
fp,1464,/Users/leoshaw/Documents/VSCode/VS_CMU_S26/MechatronicDesign/Computer Vision/error_mining_run1/review/fp_crops/fp_frame001464_0212.jpg,can,0.4909,295,277,471,459
fp,1464,/Users/leoshaw/Documents/VSCode/VS_CMU_S26/MechatronicDesign/Computer Vision/error_mining_run1/review/fp_crops/fp_frame001464_0213.jpg,bottle,0.3419,296,276,470,460
fp,1468,/Users/leoshaw/Documents/VSCode/VS_CMU_S26/MechatronicDesign/Computer Vision/error_mining_run1/review/fp_crops/fp_frame001468_0214.jpg,bottle,0.3660,356,276,522,461
fp,1472,/Users/leoshaw/Documents/VSCode/VS_CMU_S26/MechatronicDesign/Computer Vision/error_mining_run1/review/fp_crops/fp_frame001472_0215.jpg,can,0.4967,419,278,572,460
fp,1472,/Users/leoshaw/Documents/VSCode/VS_CMU_S26/MechatronicDesign/Computer Vision/error_mining_run1/review/fp_crops/fp_frame001472_0216.jpg,bottle,0.3660,417,277,574,461
fp,1476,/Users/leoshaw/Documents/VSCode/VS_CMU_S26/MechatronicDesign/Computer Vision/error_mining_run1/review/fp_crops/fp_frame001476_0217.jpg,can,0.3689,477,278,629,460
fn,1488,/Users/leoshaw/Documents/VSCode/VS_CMU_S26/MechatronicDesign/Computer Vision/error_mining_run1/review/fn_crops/fn_frame001488_0162.jpg,unknown,,0,259,24,352
fp,1492,/Users/leoshaw/Documents/VSCode/VS_CMU_S26/MechatronicDesign/Computer Vision/error_mining_run1/review/fp_crops/fp_frame001492_0218.jpg,bottle,0.4950,0,150,80,370
fp,1496,/Users/leoshaw/Documents/VSCode/VS_CMU_S26/MechatronicDesign/Computer Vision/error_mining_run1/review/fp_crops/fp_frame001496_0219.jpg,bottle,0.4753,741,276,959,455
fp,1496,/Users/leoshaw/Documents/VSCode/VS_CMU_S26/MechatronicDesign/Computer Vision/error_mining_run1/review/fp_crops/fp_frame001496_0220.jpg,can,0.4094,0,171,133,370
fp,1500,/Users/leoshaw/Documents/VSCode/VS_CMU_S26/MechatronicDesign/Computer Vision/error_mining_run1/review/fp_crops/fp_frame001500_0221.jpg,bottle,0.2648,793,276,1024,455
fp,1500,/Users/leoshaw/Documents/VSCode/VS_CMU_S26/MechatronicDesign/Computer Vision/error_mining_run1/review/fp_crops/fp_frame001500_0222.jpg,can,0.1784,794,275,1031,452
fn,1500,/Users/leoshaw/Documents/VSCode/VS_CMU_S26/MechatronicDesign/Computer Vision/error_mining_run1/review/fn_crops/fn_frame001500_0163.jpg,unknown,,14,199,60,285
fp,1504,/Users/leoshaw/Documents/VSCode/VS_CMU_S26/MechatronicDesign/Computer Vision/error_mining_run1/review/fp_crops/fp_frame001504_0223.jpg,bottle,0.4373,848,274,1079,452
fp,1508,/Users/leoshaw/Documents/VSCode/VS_CMU_S26/MechatronicDesign/Computer Vision/error_mining_run1/review/fp_crops/fp_frame001508_0224.jpg,bottle,0.3478,899,273,1079,455
fp,1508,/Users/leoshaw/Documents/VSCode/VS_CMU_S26/MechatronicDesign/Computer Vision/error_mining_run1/review/fp_crops/fp_frame001508_0225.jpg,bottle,0.2819,87,171,287,370
fp,1512,/Users/leoshaw/Documents/VSCode/VS_CMU_S26/MechatronicDesign/Computer Vision/error_mining_run1/review/fp_crops/fp_frame001512_0226.jpg,bottle,0.4781,949,272,1079,454
fp,1512,/Users/leoshaw/Documents/VSCode/VS_CMU_S26/MechatronicDesign/Computer Vision/error_mining_run1/review/fp_crops/fp_frame001512_0227.jpg,bottle,0.3158,147,170,337,371
fp,1516,/Users/leoshaw/Documents/VSCode/VS_CMU_S26/MechatronicDesign/Computer Vision/error_mining_run1/review/fp_crops/fp_frame001516_0228.jpg,can,0.4802,203,171,383,371
fp,1516,/Users/leoshaw/Documents/VSCode/VS_CMU_S26/MechatronicDesign/Computer Vision/error_mining_run1/review/fp_crops/fp_frame001516_0229.jpg,bottle,0.3562,203,171,385,371
fp,1516,/Users/leoshaw/Documents/VSCode/VS_CMU_S26/MechatronicDesign/Computer Vision/error_mining_run1/review/fp_crops/fp_frame001516_0230.jpg,bottle,0.2399,1001,294,1079,457
fp,1520,/Users/leoshaw/Documents/VSCode/VS_CMU_S26/MechatronicDesign/Computer Vision/error_mining_run1/review/fp_crops/fp_frame001520_0231.jpg,can,0.4799,260,171,433,371
fp,1520,/Users/leoshaw/Documents/VSCode/VS_CMU_S26/MechatronicDesign/Computer Vision/error_mining_run1/review/fp_crops/fp_frame001520_0232.jpg,bottle,0.4135,263,172,436,370
fn,1520,/Users/leoshaw/Documents/VSCode/VS_CMU_S26/MechatronicDesign/Computer Vision/error_mining_run1/review/fn_crops/fn_frame001520_0164.jpg,unknown,,1056,339,1079,440
fp,1524,/Users/leoshaw/Documents/VSCode/VS_CMU_S26/MechatronicDesign/Computer Vision/error_mining_run1/review/fp_crops/fp_frame001524_0233.jpg,can,0.4373,321,172,485,371
fp,1528,/Users/leoshaw/Documents/VSCode/VS_CMU_S26/MechatronicDesign/Computer Vision/error_mining_run1/review/fp_crops/fp_frame001528_0234.jpg,bottle,0.4931,381,171,540,371
fp,1536,/Users/leoshaw/Documents/VSCode/VS_CMU_S26/MechatronicDesign/Computer Vision/error_mining_run1/review/fp_crops/fp_frame001536_0235.jpg,can,0.4906,498,171,655,372
fp,1540,/Users/leoshaw/Documents/VSCode/VS_CMU_S26/MechatronicDesign/Computer Vision/error_mining_run1/review/fp_crops/fp_frame001540_0236.jpg,can,0.4132,555,171,714,372
fp,1544,/Users/leoshaw/Documents/VSCode/VS_CMU_S26/MechatronicDesign/Computer Vision/error_mining_run1/review/fp_crops/fp_frame001544_0237.jpg,can,0.2791,607,171,770,371
fp,1548,/Users/leoshaw/Documents/VSCode/VS_CMU_S26/MechatronicDesign/Computer Vision/error_mining_run1/review/fp_crops/fp_frame001548_0238.jpg,bottle,0.4196,660,169,830,370
fp,1548,/Users/leoshaw/Documents/VSCode/VS_CMU_S26/MechatronicDesign/Computer Vision/error_mining_run1/review/fp_crops/fp_frame001548_0239.jpg,can,0.2553,657,170,828,369
fp,1552,/Users/leoshaw/Documents/VSCode/VS_CMU_S26/MechatronicDesign/Computer Vision/error_mining_run1/review/fp_crops/fp_frame001552_0240.jpg,bottle,0.2937,707,169,891,368
fp,1552,/Users/leoshaw/Documents/VSCode/VS_CMU_S26/MechatronicDesign/Computer Vision/error_mining_run1/review/fp_crops/fp_frame001552_0241.jpg,can,0.2749,708,168,891,368
fp,1556,/Users/leoshaw/Documents/VSCode/VS_CMU_S26/MechatronicDesign/Computer Vision/error_mining_run1/review/fp_crops/fp_frame001556_0242.jpg,bottle,0.4214,0,212,143,387
fp,1556,/Users/leoshaw/Documents/VSCode/VS_CMU_S26/MechatronicDesign/Computer Vision/error_mining_run1/review/fp_crops/fp_frame001556_0243.jpg,can,0.4136,0,209,143,387
fp,1556,/Users/leoshaw/Documents/VSCode/VS_CMU_S26/MechatronicDesign/Computer Vision/error_mining_run1/review/fp_crops/fp_frame001556_0244.jpg,bottle,0.3489,759,168,951,368
fp,1556,/Users/leoshaw/Documents/VSCode/VS_CMU_S26/MechatronicDesign/Computer Vision/error_mining_run1/review/fp_crops/fp_frame001556_0245.jpg,can,0.2557,761,168,949,363
fp,1560,/Users/leoshaw/Documents/VSCode/VS_CMU_S26/MechatronicDesign/Computer Vision/error_mining_run1/review/fp_crops/fp_frame001560_0246.jpg,can,0.2578,809,167,1011,368
fp,1560,/Users/leoshaw/Documents/VSCode/VS_CMU_S26/MechatronicDesign/Computer Vision/error_mining_run1/review/fp_crops/fp_frame001560_0247.jpg,bottle,0.2441,809,168,1010,367
fp,1564,/Users/leoshaw/Documents/VSCode/VS_CMU_S26/MechatronicDesign/Computer Vision/error_mining_run1/review/fp_crops/fp_frame001564_0248.jpg,can,0.2893,861,167,1071,367
fp,1564,/Users/leoshaw/Documents/VSCode/VS_CMU_S26/MechatronicDesign/Computer Vision/error_mining_run1/review/fp_crops/fp_frame001564_0249.jpg,bottle,0.2751,862,168,1069,366
fp,1568,/Users/leoshaw/Documents/VSCode/VS_CMU_S26/MechatronicDesign/Computer Vision/error_mining_run1/review/fp_crops/fp_frame001568_0250.jpg,bottle,0.2928,915,167,1079,366
fp,1568,/Users/leoshaw/Documents/VSCode/VS_CMU_S26/MechatronicDesign/Computer Vision/error_mining_run1/review/fp_crops/fp_frame001568_0251.jpg,can,0.2690,915,166,1079,367
fp,1580,/Users/leoshaw/Documents/VSCode/VS_CMU_S26/MechatronicDesign/Computer Vision/error_mining_run1/review/fp_crops/fp_frame001580_0252.jpg,bottle,0.4647,262,175,454,394
fp,1588,/Users/leoshaw/Documents/VSCode/VS_CMU_S26/MechatronicDesign/Computer Vision/error_mining_run1/review/fp_crops/fp_frame001588_0253.jpg,bottle,0.4264,386,179,562,395
fp,1592,/Users/leoshaw/Documents/VSCode/VS_CMU_S26/MechatronicDesign/Computer Vision/error_mining_run1/review/fp_crops/fp_frame001592_0254.jpg,bottle,0.4283,453,176,621,395
fp,1596,/Users/leoshaw/Documents/VSCode/VS_CMU_S26/MechatronicDesign/Computer Vision/error_mining_run1/review/fp_crops/fp_frame001596_0255.jpg,bottle,0.4327,516,175,689,395
fp,1608,/Users/leoshaw/Documents/VSCode/VS_CMU_S26/MechatronicDesign/Computer Vision/error_mining_run1/review/fp_crops/fp_frame001608_0256.jpg,bottle,0.4122,685,171,880,391
fp,1612,/Users/leoshaw/Documents/VSCode/VS_CMU_S26/MechatronicDesign/Computer Vision/error_mining_run1/review/fp_crops/fp_frame001612_0257.jpg,bottle,0.4248,740,172,940,389
fp,1616,/Users/leoshaw/Documents/VSCode/VS_CMU_S26/MechatronicDesign/Computer Vision/error_mining_run1/review/fp_crops/fp_frame001616_0258.jpg,bottle,0.2665,793,172,1003,388
fp,1620,/Users/leoshaw/Documents/VSCode/VS_CMU_S26/MechatronicDesign/Computer Vision/error_mining_run1/review/fp_crops/fp_frame001620_0259.jpg,bottle,0.4078,846,170,1071,383
fp,1628,/Users/leoshaw/Documents/VSCode/VS_CMU_S26/MechatronicDesign/Computer Vision/error_mining_run1/review/fp_crops/fp_frame001628_0260.jpg,bottle,0.4160,950,163,1079,388
fn,1632,/Users/leoshaw/Documents/VSCode/VS_CMU_S26/MechatronicDesign/Computer Vision/error_mining_run1/review/fn_crops/fn_frame001632_0165.jpg,unknown,,1008,228,1079,390
fn,1636,/Users/leoshaw/Documents/VSCode/VS_CMU_S26/MechatronicDesign/Computer Vision/error_mining_run1/review/fn_crops/fn_frame001636_0166.jpg,unknown,,1059,285,1079,383
fn,1660,/Users/leoshaw/Documents/VSCode/VS_CMU_S26/MechatronicDesign/Computer Vision/error_mining_run1/review/fn_crops/fn_frame001660_0167.jpg,unknown,,425,526,473,589
fn,1664,/Users/leoshaw/Documents/VSCode/VS_CMU_S26/MechatronicDesign/Computer Vision/error_mining_run1/review/fn_crops/fn_frame001664_0168.jpg,unknown,,429,537,481,587
fn,1668,/Users/leoshaw/Documents/VSCode/VS_CMU_S26/MechatronicDesign/Computer Vision/error_mining_run1/review/fn_crops/fn_frame001668_0169.jpg,unknown,,432,533,481,586
fn,1676,/Users/leoshaw/Documents/VSCode/VS_CMU_S26/MechatronicDesign/Computer Vision/error_mining_run1/review/fn_crops/fn_frame001676_0170.jpg,unknown,,435,534,478,586
